"989-6444","宮城県大崎市岩出山細峰","2016-02-01 10:04:32.000000"
"606-8301","京都府京都市左京区吉田泉殿町","2016-02-01 10:04:32.000000"
"064-8520","北海道札幌市中央区南九条西7丁目2番5号 札幌河辺石油　（株）","2016-02-01 10:04:32.000000"
"960-0596","福島県伊達市箱崎字東23−1 北福島医療センター","2016-02-01 10:04:32.000000"
"260-8663","千葉県千葉市中央区市場町3−1 旭建設　株式会社","2016-02-01 10:04:32.000000"
"100-8985","東京都千代田区霞が関1丁目4−1 年金資金運用基金","2016-02-01 10:04:32.000000"
"101-8534","東京都千代田区神田司町2丁目1オーク神田ビル内 社団法人　全国信用保証協会連合会","2016-02-01 10:04:32.000000"
"103-8437","東京都中央区日本橋本町1丁目6−1 東邦亜鉛　株式会社","2016-02-01 10:04:32.000000"
"104-8501","東京都中央区築地2丁目2−1築地細田ビル ライオンズクラブ東京合同事務局","2016-02-01 10:04:32.000000"
"106-8620","東京都港区西麻布2丁目26−30 富士写真フイルム　株式会社","2016-02-01 10:04:32.000000"
"161-8510","東京都新宿区上落合1丁目16−7ＮＫビル7Ｆ 株式会社　国土社","2016-02-01 10:04:32.000000"
"135-8363","東京都江東区東陽2丁目4−2 日立機材　株式会社","2016-02-01 10:04:32.000000"
"141-8644","東京都品川区大崎1丁目11番1号ゲートシティ大崎ウエストタワー シーメンス・ジャパン　株式会社","2016-02-01 10:04:32.000000"
"386-0498","長野県上田市上丸子1078（丸子郵便局私書箱第1号） シナノケンシ　株式会社","2016-02-01 10:04:32.000000"
"460-8412","愛知県名古屋市中区栄1丁目7−33サカエセンタービル 大日本土木　株式会社　名古屋支店","2016-02-01 10:04:32.000000"
"460-8707","愛知県名古屋市中区栄1丁目7番33号サカエセンタービル8Ｆ（名古屋中郵便局私書箱第12号） 株式会社　ＮＩＰＰＯコーポレーション　中部支店","2016-02-01 10:04:32.000000"
"485-8550","愛知県小牧市東3丁目1番地 東海ゴム工業　株式会社","2016-02-01 10:04:32.000000"
"532-8511","大阪府大阪市淀川区西中島5丁目6−6 株式会社　日本公文教育研究会","2016-02-01 10:04:32.000000"
"720-0398","広島県福山市沼隈町大字常石1083 株式会社　住広","2016-02-01 10:04:32.000000"
"810-8657","福岡県福岡市中央区天神4丁目1−37 住宅金融公庫　福岡支店","2016-02-01 10:04:32.000000"
